{
  "15.0": {
    "tau": 15.0,
    "D_KY": 1.002,
    "lambda_1": 2e-05,
    "n_positive_exponents": 1,
    "full_spectrum": [
      2.078982363574119e-05,
      -0.012643759259806134,
      -0.026984033450130056,
      -0.07992226923856326,
      -0.09186265179817991,
      -0.101245458751952,
      -0.1159053840105432,
      -0.13207685130369617,
      -0.1362661145119294,
      -0.14256736517258642,
      -0.15101331217318748,
      -0.16372243505916714,
      -0.16419445212058517,
      -0.17726186126561128,
      -0.1786430789901634
    ]
  },
  "20.0": {
    "tau": 20.0,
    "D_KY": 2.313,
    "lambda_1": 0.0084,
    "n_positive_exponents": 2,
    "full_spectrum": [
      0.008397864541740631,
      9.530605077178832e-05,
      -0.02715114224881246,
      -0.03936241860839991,
      -0.05759955227858126,
      -0.06703738777218653,
      -0.07804450963250019,
      -0.08523473853560434,
      -0.09270337981538868,
      -0.09806056611041213,
      -0.10368809023534986,
      -0.10955102330974698,
      -0.11309566727942132,
      -0.11717031319442045,
      -0.1203416457571876
    ]
  },
  "25.0": {
    "tau": 25.0,
    "D_KY": 3.17,
    "lambda_1": 0.01021,
    "n_positive_exponents": 2,
    "full_spectrum": [
      0.010212059548251896,
      0.00012175441110153022,
      -0.005769724106293961,
      -0.026923683095111707,
      -0.037691232898412544,
      -0.04703039594571862,
      -0.05448484514259246,
      -0.05931766620193895,
      -0.06526983022844968,
      -0.06940953741206733,
      -0.07427426785784931,
      -0.07819146450629555,
      -0.08156546872037208,
      -0.08492254482893764,
      -0.08788779065186658
    ]
  },
  "30.0": {
    "tau": 30.0,
    "D_KY": 3.494,
    "lambda_1": 0.00646,
    "n_positive_exponents": 3,
    "full_spectrum": [
      0.0064643342988773885,
      0.0017972699840455959,
      0.00010422195607578723,
      -0.016922656928782795,
      -0.02445417237219447,
      -0.033587504246914764,
      -0.03872290504503053,
      -0.04413958853194859,
      -0.04914365591990619,
      -0.051956700677292286,
      -0.05648496027249949,
      -0.059834810630518626,
      -0.0626348246148766,
      -0.0648825498867488,
      -0.06754653996286863,
      -0.07037831784531548,
      -0.07207100204409532,
      -0.0742179538307703
    ]
  },
  "35.0": {
    "tau": 35.0,
    "D_KY": 3.474,
    "lambda_1": 0.00328,
    "n_positive_exponents": 2,
    "full_spectrum": [
      0.0032798422822697573,
      0.0002513066101278969,
      -7.782182296850843e-05,
      -0.007278437719662301,
      -0.01890722207022721,
      -0.023291970467805755,
      -0.029670226834862798,
      -0.03374290662542667,
      -0.03784542594296073,
      -0.04174795347268485,
      -0.04457545870708602,
      -0.04744845495192711,
      -0.0498902239857643,
      -0.051586623525059924,
      -0.05476351875995154,
      -0.056328655127880774,
      -0.05853188030710311,
      -0.06013208696536347,
      -0.06161911090194777,
      -0.06377726916044152,
      -0.06511314153448894
    ]
  }
}