{
  "dataset": "ENSO Ni\u00f1o 3.4",
  "n_points": 914,
  "tau": 11,
  "m": 5,
  "lambda_1_rosenstein": 0.01482,
  "full_spectrum": [
    0.04205,
    0.00902,
    -0.03246,
    -0.09034,
    -0.22517
  ],
  "D_KY": 3.206,
  "fnn_fractions": [
    0.823,
    0.4492,
    0.0692,
    0.0126,
    0.0
  ]
}