{
  "dataset": "Atlantic Multidecadal Oscillation (AMO)",
  "n_points": 2006,
  "year_range": "1856-2023",
  "tau": 14,
  "m": 6,
  "lambda_1_rosenstein": 0.005239,
  "full_spectrum": [
    0.0552,
    -0.0289,
    -0.06138,
    -0.10119,
    -0.14794,
    -0.24176
  ],
  "D_KY": 2.429,
  "fnn_fractions": [
    0.996,
    0.9888,
    0.7816,
    0.1851,
    0.0155,
    0.0
  ]
}