{
  "dataset": "Sunspot Monthly",
  "n_points": 3326,
  "tau": 36,
  "m": 5,
  "lambda_1_rosenstein": 0.00374,
  "full_spectrum": [
    0.00805,
    -0.00647,
    -0.02499,
    -0.05182,
    -0.08311
  ],
  "D_KY": 2.063,
  "fnn_fractions": [
    0.9624,
    0.6063,
    0.1722,
    0.0324,
    0.0079
  ]
}